"DATE","PX_LAST"
"2016-12-16",108.08499908447266
"2016-12-19",108.20580291748047
"2016-12-20",108.30709838867188
"2016-12-21",108.33910369873047
"2016-12-22",108.3333969116211
"2016-12-23",108.31300354003906
"2016-12-27",108.31759643554688
"2016-12-28",108.20539855957031
"2016-12-29",108.19490051269531
"2016-12-30",108.27429962158203
"2017-01-03",108.45610046386719
"2017-01-04",108.67900085449219
"2017-01-05",108.64340209960938
"2017-01-06",108.59950256347656
"2017-01-09",108.52269744873047
"2017-01-10",108.45690155029297
"2017-01-11",108.4718017578125
"2017-01-12",108.447998046875
"2017-01-13",108.49610137939453
"2017-01-17",108.46549987792969
"2017-01-18",108.52130126953125
"2017-01-19",108.5094985961914
"2017-01-20",108.52420043945312
"2017-01-23",108.4800033569336
"2017-01-24",108.5802001953125
"2017-01-25",108.73069763183594
"2017-01-26",108.70659637451172
"2017-01-27",108.70559692382812
"2017-01-30",108.58300018310547
"2017-01-31",108.53559875488281
"2017-02-01",108.59449768066406
"2017-02-02",108.62969970703125
"2017-02-03",108.80120086669922
"2017-02-06",108.72339630126953
"2017-02-07",108.65910339355469
"2017-02-08",108.55059814453125
"2017-02-09",108.73789978027344
"2017-02-10",108.76519775390625
"2017-02-13",108.89659881591797
"2017-02-14",108.9384994506836
"2017-02-15",108.95700073242188
"2017-02-16",108.89320373535156
"2017-02-17",108.91320037841797
"2017-02-21",109.07669830322266
"2017-02-22",109.07659912109375
"2017-02-23",109.10250091552734
"2017-02-24",109.07779693603516
"2017-02-27",109.12039947509766
"2017-02-28",109.11849975585938
"2017-03-01",109.32250213623047
"2017-03-02",109.31009674072266
"2017-03-03",109.36260223388672
"2017-03-06",109.30899810791016
"2017-03-07",109.14700317382812
"2017-03-08",109.03399658203125
"2017-03-09",108.9999008178711
"2017-03-10",108.97540283203125
"2017-03-13",108.9646987915039
"2017-03-14",108.89420318603516
"2017-03-15",109.1072998046875
"2017-03-16",109.2157974243164
"2017-03-17",109.27680206298828
"2017-03-20",108.99299621582031
"2017-03-21",108.87809753417969
"2017-03-22",108.83499908447266
"2017-03-23",108.96119689941406
"2017-03-24",108.96880340576172
"2017-03-27",108.94819641113281
"2017-03-28",108.97760009765625
"2017-03-29",108.91940307617188
"2017-03-30",108.9937973022461
"2017-03-31",109.04190063476562
"2017-04-03",109.00270080566406
"2017-04-04",109.05269622802734
"2017-04-05",109.07009887695312
"2017-04-06",109.10859680175781
"2017-04-07",109.1146011352539
"2017-04-10",109.13240051269531
"2017-04-11",109.04669952392578
"2017-04-12",108.9343032836914
"2017-04-13",108.93000030517578
"2017-04-17",108.91239929199219
"2017-04-18",108.83899688720703
"2017-04-19",108.818603515625
"2017-04-20",108.95680236816406
"2017-04-21",108.99939727783203
"2017-04-24",109.27980041503906
"2017-04-25",109.45050048828125
"2017-04-26",109.39820098876953
"2017-04-27",109.37660217285156
"2017-04-28",109.33519744873047
"2017-05-01",109.40640258789062
"2017-05-02",109.44960021972656
"2017-05-03",109.46810150146484
"2017-05-04",109.41889953613281
"2017-05-05",109.54730224609375
"2017-05-08",109.52880096435547
"2017-05-09",109.52369689941406
"2017-05-10",109.59719848632812
"2017-05-11",109.55609893798828
"2017-05-12",109.50749969482422
"2017-05-15",109.60790252685547
"2017-05-16",109.60030364990234
"2017-05-17",109.2522964477539
"2017-05-18",109.33070373535156
"2017-05-19",109.427001953125
"2017-05-22",109.55950164794922
"2017-05-23",109.59320068359375
"2017-05-24",109.60289764404297
"2017-05-25",109.59320068359375
"2017-05-26",109.58070373535156
"2017-05-30",109.58450317382812
"2017-05-31",109.64579772949219
"2017-06-01",109.75379943847656
"2017-06-02",109.81849670410156
"2017-06-05",109.80660247802734
"2017-06-06",109.76519775390625
"2017-06-07",109.7332992553711
"2017-06-08",109.73829650878906
"2017-06-09",109.78489685058594
"2017-06-12",109.85700225830078
"2017-06-13",109.97720336914062
"2017-06-14",109.98200225830078
"2017-06-15",109.82530212402344
"2017-06-16",109.71990203857422
"2017-06-19",109.87770080566406
"2017-06-20",109.7291030883789
"2017-06-21",109.61090087890625
"2017-06-22",109.74430084228516
"2017-06-23",109.84230041503906
"2017-06-26",109.93240356445312
"2017-06-27",109.74859619140625
"2017-06-28",109.87470245361328
"2017-06-29",109.73619842529297
"2017-06-30",109.8292007446289
"2017-07-03",109.86509704589844
"2017-07-05",109.79850006103516
"2017-07-06",109.67500305175781
"2017-07-07",109.73860168457031
"2017-07-10",109.7217025756836
"2017-07-11",109.71610260009766
"2017-07-12",109.84839630126953
"2017-07-13",109.98300170898438
"2017-07-14",110.06220245361328
"2017-07-17",110.15129852294922
"2017-07-18",110.16590118408203
"2017-07-19",110.21829986572266
"2017-07-20",110.26239776611328
"2017-07-21",110.27519989013672
"2017-07-24",110.30650329589844
"2017-07-25",110.33090209960938
"2017-07-26",110.37560272216797
"2017-07-27",110.26820373535156
"2017-07-28",110.22869873046875
"2017-07-31",110.27999877929688
"2017-08-01",110.34980010986328
"2017-08-02",110.3905029296875
"2017-08-03",110.31629943847656
"2017-08-04",110.26719665527344
"2017-08-07",110.26290130615234
"2017-08-08",110.19509887695312
"2017-08-09",110.10369873046875
"2017-08-10",109.93939971923828
"2017-08-11",109.90959930419922
"2017-08-14",110.08450317382812
"2017-08-15",110.09629821777344
"2017-08-16",110.1448974609375
"2017-08-17",109.95050048828125
"2017-08-18",109.86599731445312
"2017-08-21",109.89689636230469
"2017-08-22",110.05480194091797
"2017-08-23",109.9801025390625
"2017-08-24",110.03260040283203
"2017-08-25",110.0885009765625
"2017-08-28",110.13569641113281
"2017-08-29",110.09500122070312
"2017-08-30",110.14459991455078
"2017-08-31",110.27999877929688
"2017-09-01",110.37239837646484
"2017-09-05",110.25029754638672
"2017-09-06",110.23139953613281
"2017-09-07",110.2428970336914
"2017-09-08",110.15080261230469
"2017-09-11",110.3844985961914
"2017-09-12",110.55999755859375
"2017-09-13",110.52359771728516
"2017-09-14",110.48750305175781
"2017-09-15",110.52490234375
"2017-09-18",110.5374984741211
"2017-09-19",110.61869812011719
"2017-09-20",110.30780029296875
"2017-09-21",110.16480255126953
"2017-09-22",110.14820098876953
"2017-09-25",110.18190002441406
"2017-09-26",110.23639678955078
"2017-09-27",110.31909942626953
"2017-09-28",110.47049713134766
"2017-09-29",110.54180145263672
"2017-10-02",110.61810302734375
"2017-10-03",110.6812973022461
"2017-10-04",110.69190216064453
"2017-10-05",110.82949829101562
"2017-10-06",110.74559783935547
"2017-10-10",110.75910186767578
"2017-10-11",110.7238998413086
"2017-10-12",110.66429901123047
"2017-10-13",110.74440002441406
"2017-10-16",110.81390380859375
"2017-10-17",110.84629821777344
"2017-10-18",110.88269805908203
"2017-10-19",110.91780090332031
"2017-10-20",111.03109741210938
"2017-10-23",111.02320098876953
"2017-10-24",111.01380157470703
"2017-10-25",110.90509796142578
"2017-10-26",110.97570037841797
"2017-10-27",111.12249755859375
"2017-10-30",111.18789672851562
"2017-10-31",111.29869842529297
"2017-11-01",111.24459838867188
"2017-11-02",111.2345962524414
"2017-11-03",111.22989654541016
"2017-11-06",111.29290008544922
"2017-11-07",111.17459869384766
"2017-11-08",111.12640380859375
"2017-11-09",111.05079650878906
"2017-11-10",111.0385971069336
"2017-11-13",111.02320098876953
"2017-11-14",110.93509674072266
"2017-11-15",110.95800018310547
"2017-11-16",111.10590362548828
"2017-11-17",111.15540313720703
"2017-11-20",111.2260971069336
"2017-11-21",111.40019989013672
"2017-11-22",111.47989654541016
"2017-11-24",111.49810028076172
"2017-11-27",111.41130065917969
"2017-11-28",111.55380249023438
"2017-11-29",111.502197265625
"2017-11-30",111.60179901123047
"2017-12-01",111.56849670410156
"2017-12-04",111.66010284423828
"2017-12-05",111.67359924316406
"2017-12-06",111.63349914550781
"2017-12-07",111.7136001586914
"2017-12-08",111.78810119628906
"2017-12-11",111.8895034790039
"2017-12-12",111.90879821777344
"2017-12-13",111.94650268554688
"2017-12-14",111.90180206298828
"2017-12-15",111.95709991455078
"2017-12-18",112.08000183105469
"2017-12-19",112.06790161132812
"2017-12-20",112.13719940185547
"2017-12-21",112.21040344238281
"2017-12-22",112.14129638671875
"2017-12-26",112.19120025634766
"2017-12-27",112.2500991821289
"2017-12-28",112.1906967163086
"2017-12-29",112.29290008544922
"2018-01-02",112.38040161132812
"2018-01-04",112.68280029296875
"2018-01-05",112.73770141601562
"2018-01-08",112.8010025024414
"2018-01-09",112.72360229492188
"2018-01-10",112.689697265625
"2018-01-11",112.69229888916016
"2018-01-12",112.69580078125
"2018-01-16",112.59529876708984
"2018-01-17",112.618896484375
"2018-01-18",112.6134033203125
"2018-01-19",112.67579650878906
"2018-01-22",112.73359680175781
"2018-01-23",112.82530212402344
"2018-01-24",112.80000305175781
"2018-01-25",112.8427963256836
"2018-01-26",112.93720245361328
"2018-01-29",112.84349822998047
"2018-01-30",112.7782974243164
"2018-01-31",112.77449798583984
"2018-02-01",112.69850158691406
"2018-02-02",112.49019622802734
"2018-02-05",112.14250183105469
"2018-02-06",112.1187973022461
"2018-02-07",112.10970306396484
"2018-02-08",111.59400177001953
"2018-02-09",111.4801025390625
"2018-02-12",111.73480224609375
"2018-02-13",111.65080261230469
"2018-02-14",111.78700256347656
"2018-02-15",112.09259796142578
"2018-02-16",112.26249694824219
"2018-02-20",112.0624008178711
"2018-02-21",111.91929626464844
"2018-02-22",111.7947998046875
"2018-02-23",111.875
"2018-02-26",112.14990234375
"2018-02-27",111.97869873046875
"2018-02-28",111.92130279541016
"2018-03-01",111.69960021972656
"2018-03-02",111.75959777832031
"2018-03-05",111.87830352783203
"2018-03-06",111.80509948730469
"2018-03-07",111.72380065917969
"2018-03-08",111.76219940185547
"2018-03-09",111.94950103759766
"2018-03-12",112.02909851074219
"2018-03-13",111.96240234375
"2018-03-14",111.89360046386719
"2018-03-15",111.90799713134766
"2018-03-16",112.04789733886719
"2018-03-19",111.94349670410156
"2018-03-20",111.6532974243164
"2018-03-21",111.74420166015625
"2018-03-22",111.35690307617188
"2018-03-23",111.0468978881836
"2018-03-26",111.43489837646484
"2018-03-27",111.22429656982422
"2018-03-28",111.21800231933594
"2018-03-29",111.40969848632812
"2018-04-02",111.24040222167969
"2018-04-03",111.3511962890625
"2018-04-04",111.59919738769531
"2018-04-05",111.66570281982422
"2018-04-06",111.46949768066406
"2018-04-09",111.52690124511719
"2018-04-10",111.73699951171875
"2018-04-11",111.68370056152344
"2018-04-12",111.85800170898438
"2018-04-13",111.89469909667969
"2018-04-16",112.10669708251953
"2018-04-17",112.1178970336914
"2018-04-18",112.12519836425781
"2018-04-19",112.05850219726562
"2018-04-20",111.99800109863281
"2018-04-23",111.94380187988281
"2018-04-24",111.88269805908203
"2018-04-25",111.93730163574219
"2018-04-26",112.08550262451172
"2018-04-27",112.09929656982422
"2018-04-30",112.0656967163086
"2018-05-01",112.06340026855469
"2018-05-02",112.01409912109375
"2018-05-03",111.91919708251953
"2018-05-04",111.99729919433594
"2018-05-07",111.98919677734375
"2018-05-08",111.9583969116211
"2018-05-09",112.06510162353516
"2018-05-10",112.22859954833984
"2018-05-11",112.25140380859375
"2018-05-14",112.24230194091797
"2018-05-15",112.0895004272461
"2018-05-16",112.14450073242188
"2018-05-17",112.12989807128906
"2018-05-18",112.0457992553711
"2018-05-21",112.0719985961914
"2018-05-22",112.09809875488281
"2018-05-23",112.07039642333984
"2018-05-24",112.03140258789062
"2018-05-25",111.9114990234375
"2018-05-29",111.57389831542969
"2018-05-30",111.76740264892578
"2018-05-31",111.62339782714844
"2018-06-01",111.77670288085938
"2018-06-04",111.91639709472656
"2018-06-05",111.89859771728516
"2018-06-06",111.95050048828125
"2018-06-07",111.69010162353516
"2018-06-08",111.7332992553711
"2018-06-11",111.908203125
"2018-06-12",111.98899841308594
"2018-06-13",112.00900268554688
"2018-06-14",112.21829986572266
"2018-06-15",112.29650115966797
"2018-06-18",112.26799774169922
"2018-06-19",112.10420227050781
"2018-06-20",112.1001968383789
"2018-06-21",111.95860290527344
"2018-06-22",111.98829650878906
"2018-06-25",111.80740356445312
"2018-06-26",111.90540313720703
"2018-06-27",111.70169830322266
"2018-06-28",111.70339965820312
"2018-06-29",111.74230194091797
"2018-07-02",111.72599792480469
"2018-07-03",111.78759765625
"2018-07-05",111.91600036621094
"2018-07-06",112.11180114746094
"2018-07-09",112.3041000366211
"2018-07-10",112.2925033569336
"2018-07-11",112.18699645996094
"2018-07-12",112.35240173339844
"2018-07-13",112.45020294189453
"2018-07-16",112.43329620361328
"2018-07-17",112.47820281982422
"2018-07-18",112.4572982788086
"2018-07-19",112.36859893798828
"2018-07-20",112.38700103759766
"2018-07-23",112.41059875488281
"2018-07-24",112.48149871826172
"2018-07-25",112.6061019897461
"2018-07-26",112.7645034790039
"2018-07-27",112.72750091552734
"2018-07-30",112.68190002441406
"2018-07-31",112.78119659423828
"2018-08-01",112.72669982910156
"2018-08-02",112.71440124511719
"2018-08-03",112.7134017944336
"2018-08-06",112.75180053710938
"2018-08-07",112.818603515625
"2018-08-08",112.83260345458984
"2018-08-09",112.72889709472656
"2018-08-10",112.52369689941406
"2018-08-13",112.48159790039062
"2018-08-14",112.57050323486328
"2018-08-15",112.45079803466797
"2018-08-16",112.56109619140625
"2018-08-17",112.6072006225586
"2018-08-20",112.597900390625
"2018-08-21",112.74310302734375
"2018-08-22",112.75420379638672
"2018-08-23",112.70909881591797
"2018-08-24",112.77899932861328
"2018-08-27",112.9104995727539
"2018-08-28",112.93160247802734
"2018-08-29",112.92320251464844
"2018-08-30",112.77369689941406
"2018-08-31",112.8021011352539
"2018-09-04",112.78099822998047
"2018-09-05",112.8218994140625
"2018-09-06",112.84459686279297
"2018-09-07",112.85559844970703
"2018-09-10",113.04910278320312
"2018-09-11",113.06800079345703
"2018-09-12",113.12590026855469
"2018-09-13",113.2854995727539
"2018-09-14",113.28970336914062
"2018-09-17",113.22879791259766
"2018-09-18",113.27790069580078
"2018-09-19",113.29530334472656
"2018-09-20",113.05789947509766
"2018-09-21",112.9395980834961
"2018-09-24",112.831298828125
"2018-09-25",112.86229705810547
"2018-09-26",112.98300170898438
"2018-09-27",113.15019989013672
"2018-09-28",113.16850280761719
"2018-10-01",113.34089660644531
"2018-10-02",113.25150299072266
"2018-10-03",113.28230285644531
"2018-10-04",113.1958999633789
"2018-10-05",113.0988998413086
"2018-10-09",113.12660217285156
"2018-10-10",112.78119659423828
"2018-10-11",112.76719665527344
"2018-10-12",112.93309783935547
"2018-10-15",112.81069946289062
"2018-10-16",113.02570343017578
"2018-10-17",112.9916000366211
"2018-10-18",112.70919799804688
"2018-10-19",112.72339630126953
"2018-10-22",112.70480346679688
"2018-10-23",112.72959899902344
"2018-10-24",112.52400207519531
"2018-10-25",112.59190368652344
"2018-10-26",112.50759887695312
"2018-10-29",112.47949981689453
"2018-10-30",112.6176986694336
"2018-10-31",112.71790313720703
"2018-11-01",112.84310150146484
"2018-11-02",112.95610046386719
"2018-11-05",113.0886001586914
"2018-11-06",113.18820190429688
"2018-11-07",113.37460327148438
"2018-11-08",113.29039764404297
"2018-11-09",113.01930236816406
"2018-11-13",112.80439758300781
"2018-11-14",112.60169982910156
"2018-11-15",112.47920227050781
"2018-11-16",112.3948974609375
"2018-11-19",112.18820190429688
"2018-11-20",112.01180267333984
"2018-11-21",112.10769653320312
"2018-11-23",111.96219635009766
"2018-11-26",112.09459686279297
"2018-11-27",112.14790344238281
"2018-11-28",112.58450317382812
"2018-11-29",112.51380157470703
"2018-11-30",112.47940063476562
"2018-12-03",112.56649780273438
"2018-12-04",112.1719970703125
"2018-12-06",112.17849731445312
"2018-12-07",111.87110137939453
"2018-12-10",111.99629974365234
"2018-12-11",112.1521987915039
"2018-12-12",112.34230041503906
"2018-12-13",112.45379638671875
"2018-12-14",112.26419830322266
"2018-12-17",112.03260040283203
"2018-12-18",112.07019805908203
"2018-12-19",111.69529724121094
"2018-12-20",111.37000274658203
"2018-12-21",111.16480255126953
"2018-12-24",111.01239776611328
"2018-12-26",111.63069915771484
"2018-12-27",111.5322036743164
"2018-12-28",111.61650085449219
"2018-12-31",111.68250274658203
"2019-01-02",111.7416000366211
"2019-01-03",111.53369903564453
"2019-01-04",112.10459899902344
"2019-01-07",112.36640167236328
"2019-01-08",112.62069702148438
"2019-01-09",112.56269836425781
"2019-01-10",112.74099731445312
"2019-01-11",112.69180297851562
"2019-01-14",112.57520294189453
"2019-01-15",112.77749633789062
"2019-01-16",112.79280090332031
"2019-01-17",113.00389862060547
"2019-01-18",113.11229705810547
"2019-01-22",112.89790344238281
"2019-01-23",112.97010040283203
"2019-01-24",112.99549865722656
"2019-01-25",113.17939758300781
"2019-01-28",113.13330078125
"2019-01-29",113.19159698486328
"2019-01-30",113.53890228271484
"2019-01-31",113.80069732666016
"2019-02-01",113.7520980834961
"2019-02-04",113.96289825439453
"2019-02-05",114.05919647216797
"2019-02-06",113.93209838867188
"2019-02-07",113.68280029296875
"2019-02-08",113.79440307617188
"2019-02-11",113.8051986694336
"2019-02-12",114.07350158691406
"2019-02-13",114.04560089111328
"2019-02-14",114.05889892578125
"2019-02-15",114.29640197753906
"2019-02-19",114.4636001586914
"2019-02-20",114.53559875488281
"2019-02-21",114.42639923095703
"2019-02-22",114.46410369873047
"2019-02-25",114.55000305175781
"2019-02-26",114.57890319824219
"2019-02-27",114.65180206298828
"2019-02-28",114.6239013671875
"2019-03-01",114.70790100097656
"2019-03-04",114.68240356445312
"2019-03-05",114.56890106201172
"2019-03-06",114.40579986572266
"2019-03-07",114.30780029296875
"2019-03-08",114.31279754638672
"2019-03-11",114.66480255126953
"2019-03-12",114.72769927978516
"2019-03-13",114.87090301513672
"2019-03-14",114.83920288085938
"2019-03-15",114.87120056152344
"2019-03-18",114.95659637451172
"2019-03-19",114.94139862060547
"2019-03-20",114.60919952392578
"2019-03-21",114.73870086669922
"2019-03-22",114.46990203857422
"2019-03-25",114.40519714355469
"2019-03-26",114.50440216064453
"2019-03-27",114.47889709472656
"2019-03-28",114.66320037841797
"2019-03-29",114.97679901123047
"2019-04-01",115.2052993774414
"2019-04-02",115.16780090332031
"2019-04-03",115.19609832763672
"2019-04-04",115.28130340576172
"2019-04-05",115.39350128173828
"2019-04-08",115.42340087890625
"2019-04-09",115.35160064697266
"2019-04-10",115.48519897460938
"2019-04-11",115.5635986328125
"2019-04-12",115.81210327148438
"2019-04-15",115.82460021972656
"2019-04-16",115.75830078125
"2019-04-17",115.7406997680664
"2019-04-18",115.76860046386719
"2019-04-22",115.73780059814453
"2019-04-23",115.87229919433594
"2019-04-24",115.7603988647461
"2019-04-25",115.71150207519531
"2019-04-26",115.86430358886719
"2019-04-29",115.8302993774414
"2019-04-30",115.83910369873047
"2019-05-01",115.7562026977539
"2019-05-02",115.71170043945312
"2019-05-03",115.85199737548828
"2019-05-06",115.77580261230469
"2019-05-07",115.56580352783203
"2019-05-08",115.44180297851562
"2019-05-09",115.35320281982422
"2019-05-10",115.58910369873047
"2019-05-13",115.15080261230469
"2019-05-14",115.34239959716797
"2019-05-15",115.3396987915039
"2019-05-16",115.4657974243164
"2019-05-17",115.37349700927734
"2019-05-20",115.31839752197266
"2019-05-21",115.44280242919922
"2019-05-22",115.40950012207031
"2019-05-23",115.2573013305664
"2019-05-24",115.25540161132812
"2019-05-28",115.15579986572266
"2019-05-29",115.03109741210938
"2019-05-30",115.09369659423828
"2019-05-31",114.7656021118164
"2019-06-03",114.81919860839844
"2019-06-04",115.21309661865234
"2019-06-05",115.34140014648438
"2019-06-06",115.45760345458984
"2019-06-07",115.53669738769531
"2019-06-10",115.77189636230469
"2019-06-11",115.81719970703125
"2019-06-12",115.6613998413086
"2019-06-13",115.76300048828125
"2019-06-14",115.67350006103516
"2019-06-17",115.78340148925781
"2019-06-18",116.07319641113281
"2019-06-19",116.36389923095703
"2019-06-20",116.63939666748047
"2019-06-21",116.52269744873047
"2019-06-24",116.52729797363281
"2019-06-25",116.21499633789062
"2019-06-26",116.27839660644531
"2019-06-27",116.42829895019531
"2019-06-28",116.58280181884766
"2019-07-01",116.77970123291016
"2019-07-02",116.86070251464844
"2019-07-03",116.92739868164062
"2019-07-05",116.80139923095703
"2019-07-08",116.72339630126953
"2019-07-09",116.82209777832031
"2019-07-10",116.96089935302734
"2019-07-11",116.86750030517578
"2019-07-12",116.88359832763672
"2019-07-15",116.92790222167969
"2019-07-16",116.88480377197266
"2019-07-17",116.83429718017578
"2019-07-18",117.00810241699219
"2019-07-19",116.90239715576172
"2019-07-22",117.07379913330078
"2019-07-23",117.28160095214844
"2019-07-24",117.42179870605469
"2019-07-25",117.28990173339844
"2019-07-26",117.30020141601562
"2019-07-29",117.1593017578125
"2019-07-30",117.160400390625
"2019-07-31",116.92569732666016
"2019-08-01",116.84100341796875
"2019-08-02",116.74140167236328
"2019-08-05",116.23889923095703
"2019-08-06",116.4739990234375
"2019-08-07",116.44110107421875
"2019-08-08",116.66329956054688
"2019-08-09",116.54109954833984
"2019-08-12",116.3219985961914
"2019-08-13",116.81999969482422
"2019-08-14",116.26409912109375
"2019-08-15",116.33380126953125
"2019-08-16",116.73079681396484
"2019-08-19",117.04509735107422
"2019-08-20",116.91850280761719
"2019-08-21",117.1615982055664
"2019-08-22",117.12969970703125
"2019-08-23",116.72730255126953
"2019-08-26",116.99859619140625
"2019-08-27",116.97239685058594
"2019-08-28",117.13849639892578
"2019-08-29",117.27200317382812
"2019-08-30",117.25160217285156
"2019-09-03",117.17040252685547
"2019-09-04",117.31829833984375
"2019-09-05",117.5020980834961
"2019-09-06",117.59619903564453
"2019-09-09",117.57939910888672
"2019-09-10",117.535400390625
"2019-09-11",117.65049743652344
"2019-09-12",117.78289794921875
"2019-09-13",117.7833023071289
"2019-09-16",117.7113037109375
"2019-09-17",117.65670013427734
"2019-09-18",117.70890045166016
"2019-09-19",117.64230346679688
"2019-09-20",117.22709655761719
"2019-09-23",117.2970962524414
"2019-09-24",117.11540222167969
"2019-09-25",117.19950103759766
"2019-09-26",117.15070343017578
"2019-09-27",117.04930114746094
"2019-09-30",117.26679992675781
"2019-10-01",117.19750213623047
"2019-10-02",116.9041976928711
"2019-10-03",116.95010375976562
"2019-10-04",117.21990203857422
"2019-10-07",117.16230010986328
"2019-10-08",116.98799896240234
"2019-10-09",117.13420104980469
"2019-10-10",117.3093032836914
"2019-10-11",117.62229919433594
"2019-10-15",117.73999786376953
"2019-10-16",117.76170349121094
"2019-10-17",117.79820251464844
"2019-10-18",117.87989807128906
"2019-10-21",118.03150177001953
"2019-10-22",117.96019744873047
"2019-10-23",117.99150085449219
"2019-10-24",117.97440338134766
"2019-10-25",118.08450317382812
"2019-10-28",118.14810180664062
"2019-10-29",118.04570007324219
"2019-10-30",118.018798828125
"2019-10-31",117.9551010131836
"2019-11-01",118.19419860839844
"2019-11-04",118.37229919433594
"2019-11-05",118.35060119628906
"2019-11-06",118.3563003540039
"2019-11-07",118.43669891357422
"2019-11-08",118.4207992553711
"2019-11-12",118.41899871826172
"2019-11-13",118.35130310058594
"2019-11-14",118.35679626464844
"2019-11-15",118.47660064697266
"2019-11-18",118.50669860839844
"2019-11-19",118.41089630126953
"2019-11-20",118.35549926757812
"2019-11-21",118.35199737548828
"2019-11-22",118.50659942626953
"2019-11-25",118.69519805908203
"2019-11-26",118.79290008544922
"2019-11-27",118.76899719238281
"2019-11-29",118.7416000366211
"2019-12-02",118.59609985351562
"2019-12-03",118.54389953613281
"2019-12-04",118.69550323486328
"2019-12-05",118.69329833984375
"2019-12-06",118.82140350341797
"2019-12-09",118.76309967041016
"2019-12-10",118.7968978881836
"2019-12-11",118.87879943847656
"2019-12-12",119.0614013671875
"2019-12-13",119.09369659423828
"2019-12-16",119.41680145263672
"2019-12-17",119.5530014038086
"2019-12-18",119.56600189208984
"2019-12-19",119.5802993774414
"2019-12-20",119.70780181884766
"2019-12-23",119.76100158691406
"2019-12-24",119.8230972290039
"2019-12-26",119.93190002441406
"2019-12-27",119.9677963256836
"2019-12-30",119.85970306396484
"2019-12-31",119.79570007324219
"2020-01-02",119.93810272216797
"2020-01-03",119.71189880371094
"2020-01-06",119.69429779052734
"2020-01-07",119.60289764404297
"2020-01-08",119.8552017211914
"2020-01-09",120.05809783935547
"2020-01-10",120.05560302734375
"2020-01-13",120.07890319824219
"2020-01-14",120.00070190429688
"2020-01-15",120.02570343017578
"2020-01-16",120.13089752197266
"2020-01-17",120.14630126953125
"2020-01-21",119.9136962890625
"2020-01-22",119.9760971069336
"2020-01-23",119.81439971923828
"2020-01-24",119.63929748535156
"2020-01-27",119.27510070800781
"2020-01-28",119.70800018310547
"2020-01-29",119.5333023071289
"2020-01-30",119.53559875488281
"2020-01-31",119.22810363769531
"2020-02-03",119.28690338134766
"2020-02-04",119.6718978881836
"2020-02-05",120.06449890136719
"2020-02-06",119.9988021850586
"2020-02-07",119.86579895019531
"2020-02-10",120.05599975585938
"2020-02-11",120.10690307617188
"2020-02-12",120.29209899902344
"2020-02-13",120.29070281982422
"2020-02-14",120.24299621582031
"2020-02-18",120.2052993774414
"2020-02-19",120.22440338134766
"2020-02-20",120.05950164794922
"2020-02-21",119.86139678955078
"2020-02-24",119.03849792480469
"2020-02-25",118.7583999633789
"2020-02-26",118.53949737548828
"2020-02-27",117.83499908447266
"2020-02-28",117.79350280761719
"2020-03-02",118.25859832763672
"2020-03-03",117.73509979248047
"2020-03-04",118.31639862060547
"2020-03-05",117.58689880371094
"2020-03-06",117.06390380859375
"2020-03-09",115.28919982910156
"2020-03-10",115.5687026977539
"2020-03-11",114.95890045166016
"2020-03-12",113.54060363769531
"2020-03-13",116.19529724121094
"2020-03-16",114.70369720458984
"2020-03-17",114.65399932861328
"2020-03-18",113.40689849853516
"2020-03-19",113.20870208740234
"2020-03-20",112.61119842529297
"2020-03-23",114.34249877929688
"2020-03-24",115.61360168457031
"2020-03-25",116.16429901123047
"2020-03-26",116.91130065917969
"2020-03-27",115.54239654541016
"2020-03-30",115.95659637451172
"2020-03-31",115.4760971069336
"2020-04-01",114.31379699707031
"2020-04-02",114.80680084228516
"2020-04-03",114.41500091552734
"2020-04-06",115.48799896240234
"2020-04-07",115.93409729003906
"2020-04-08",116.73860168457031
"2020-04-09",118.57869720458984
"2020-04-13",118.30950164794922
"2020-04-14",118.35479736328125
"2020-04-15",117.80950164794922
"2020-04-16",117.71430206298828
"2020-04-17",117.90619659423828
"2020-04-20",117.45230102539062
"2020-04-21",117.18199920654297
"2020-04-22",117.5281982421875
"2020-04-23",117.57679748535156
"2020-04-24",117.40470123291016
"2020-04-27",117.40129852294922
"2020-04-28",117.51360321044922
"2020-04-29",118.01029968261719
"2020-04-30",117.96320343017578
"2020-05-01",117.58879852294922
"2020-05-04",117.54509735107422
"2020-05-05",117.61250305175781
"2020-05-06",117.25650024414062
"2020-05-07",117.36039733886719
"2020-05-08",117.4800033569336
"2020-05-11",117.31770324707031
"2020-05-12",117.28130340576172
"2020-05-13",116.89610290527344
"2020-05-14",117.0636978149414
"2020-05-15",117.06890106201172
"2020-05-18",117.56719970703125
"2020-05-19",117.67019653320312
"2020-05-20",118.2385025024414
"2020-05-21",118.00080108642578
"2020-05-22",117.88520050048828
"2020-05-26",118.20240020751953
"2020-05-27",118.5542984008789
"2020-05-28",118.5656967163086
"2020-05-29",118.5636978149414
"2020-06-01",118.43789672851562
"2020-06-02",118.7405014038086
"2020-06-03",118.89459991455078
"2020-06-04",118.87660217285156
"2020-06-05",119.431396484375
"2020-06-08",119.13069915771484
"2020-06-09",118.47270202636719
"2020-06-10",118.32759857177734
"2020-06-11",117.60250091552734
"2020-06-12",117.91069793701172
"2020-06-15",118.78199768066406
"2020-06-16",118.84290313720703
"2020-06-17",118.60759735107422
"2020-06-18",118.3384017944336
"2020-06-19",117.94339752197266
"2020-06-22",118.16850280761719
"2020-06-23",118.3053970336914
"2020-06-24",117.96739959716797
"2020-06-25",118.03929901123047
"2020-06-26",117.7583999633789
"2020-06-29",117.99150085449219
"2020-06-30",118.2573013305664
"2020-07-01",118.32659912109375
"2020-07-02",118.39409637451172
"2020-07-06",118.73829650878906
"2020-07-07",118.40390014648438
"2020-07-08",118.57209777832031
"2020-07-09",118.34929656982422
"2020-07-10",118.4884033203125
"2020-07-13",118.37149810791016
"2020-07-14",118.4572982788086
"2020-07-15",118.69709777832031
"2020-07-16",118.6229019165039
"2020-07-17",118.76020050048828
"2020-07-20",118.9280014038086
"2020-07-21",118.9207992553711
"2020-07-22",119.05370330810547
"2020-07-23",119.04540252685547
"2020-07-24",118.9884033203125
"2020-07-27",119.02950286865234
"2020-07-28",118.87830352783203
"2020-07-29",119.10990142822266
"2020-07-30",119.08159637451172
"2020-07-31",119.15630340576172
"2020-08-03",119.33350372314453
"2020-08-04",119.4791030883789
"2020-08-05",119.64070129394531
"2020-08-06",119.68180084228516
"2020-08-07",119.61430358886719
"2020-08-10",119.50070190429688
"2020-08-11",119.39800262451172
"2020-08-12",119.58380126953125
"2020-08-13",119.38800048828125
"2020-08-14",119.2927017211914
"2020-08-17",119.43710327148438
"2020-08-18",119.48069763183594
"2020-08-19",119.31990051269531
"2020-08-20",119.34239959716797
"2020-08-21",119.33779907226562
"2020-08-24",119.506103515625
"2020-08-25",119.50029754638672
"2020-08-26",119.4375991821289
"2020-08-27",119.34649658203125
"2020-08-28",119.46690368652344
"2020-08-31",119.61750030517578
"2020-09-01",119.94219970703125
"2020-09-02",119.96040344238281
"2020-09-03",119.60189819335938
"2020-09-04",119.52040100097656
"2020-09-08",119.2864990234375
"2020-09-09",119.60420227050781
"2020-09-10",119.34539794921875
"2020-09-11",119.24210357666016
"2020-09-14",119.37740325927734
"2020-09-15",119.48069763183594
"2020-09-16",119.46089935302734
"2020-09-17",119.25769805908203
"2020-09-18",119.0427017211914
"2020-09-21",118.28230285644531
"2020-09-22",118.30049896240234
"2020-09-23",117.78929901123047
"2020-09-24",117.70249938964844
"2020-09-25",117.61609649658203
"2020-09-28",117.8019027709961
"2020-09-29",117.48789978027344
"2020-09-30",117.62840270996094
"2020-10-01",117.71610260009766
"2020-10-02",117.56939697265625
"2020-10-05",117.93389892578125
"2020-10-06",117.76840209960938
"2020-10-07",118.00430297851562
"2020-10-08",118.13459777832031
"2020-10-09",118.32469940185547
"2020-10-13",118.16449737548828
"2020-10-14",118.04859924316406
"2020-10-15",118.02559661865234
"2020-10-16",118.02909851074219
"2020-10-19",117.83149719238281
"2020-10-20",117.92019653320312
"2020-10-21",118.01439666748047
"2020-10-22",118.00140380859375
"2020-10-23",118.07929992675781
"2020-10-26",117.87359619140625
"2020-10-27",117.74659729003906
"2020-10-28",117.31800079345703
"2020-10-29",117.23590087890625
"2020-10-30",117.20240020751953
"2020-11-02",117.46990203857422
"2020-11-03",117.82659912109375
"2020-11-04",118.11900329589844
"2020-11-05",118.5083999633789
"2020-11-06",118.51200103759766
"2020-11-09",118.57240295410156
"2020-11-10",118.47959899902344
"2020-11-12",118.29450225830078
"2020-11-13",118.3759994506836
"2020-11-16",118.6227035522461
"2020-11-17",118.55960083007812
"2020-11-18",118.3644027709961
"2020-11-19",118.46869659423828
"2020-11-20",118.19249725341797
"2020-11-23",118.42009735107422
"2020-11-24",118.68589782714844
"2020-11-25",118.6281967163086
"2020-11-27",118.75689697265625
"2020-11-30",118.88140106201172
"2020-12-01",118.91239929199219
"2020-12-02",118.8904037475586
"2020-12-03",118.95449829101562
"2020-12-04",118.95330047607422
"2020-12-07",118.85649871826172
"2020-12-08",118.85489654541016
"2020-12-09",118.72429656982422
"2020-12-10",118.65450286865234
"2020-12-11",118.56839752197266
"2020-12-14",118.5541000366211
"2020-12-15",118.72360229492188
"2020-12-16",118.69419860839844
"2020-12-17",118.74539947509766
"2020-12-18",118.66680145263672
"2020-12-21",118.48139953613281
"2020-12-22",118.43720245361328
"2020-12-23",118.60030364990234
"2020-12-24",118.6321029663086
"2020-12-28",118.85469818115234
"2020-12-29",118.84819793701172
"2020-12-30",118.9583969116211
"2020-12-31",119.07669830322266
"2021-01-04",118.82749938964844
"2021-01-05",118.90869903564453
"2021-01-06",118.90029907226562
"2021-01-07",119.06710052490234
"2021-01-08",119.11830139160156
"2021-01-11",118.95240020751953
"2021-01-12",118.91809844970703
"2021-01-13",119.10489654541016
"2021-01-14",119.06849670410156
"2021-01-15",118.87920379638672
"2021-01-19",119.02619934082031
"2021-01-20",119.03050231933594
"2021-01-21",118.9729995727539
"2021-01-22",118.95339965820312
"2021-01-25",118.90170288085938
"2021-01-26",118.80989837646484
"2021-01-27",118.51119995117188
"2021-01-28",118.53099822998047
"2021-01-29",118.45590209960938
"2021-02-01",118.60430145263672
"2021-02-02",118.79850006103516
"2021-02-03",118.82379913330078
"2021-02-04",118.96690368652344
"2021-02-05",119.02729797363281
"2021-02-08",119.09850311279297
"2021-02-09",119.00509643554688
"2021-02-10",119.07029724121094
"2021-02-11",119.08619689941406
"2021-02-12",119.07440185546875
"2021-02-16",119.06900024414062
"2021-02-17",119.0884017944336
"2021-02-18",119.01290130615234
"2021-02-19",118.95359802246094
"2021-02-22",118.73829650878906
"2021-02-23",118.8218994140625
"2021-02-24",118.9292984008789
"2021-02-25",118.47489929199219
"2021-02-26",118.50740051269531
"2021-03-01",118.8488998413086
"2021-03-02",118.80509948730469
"2021-03-03",118.6636962890625
"2021-03-04",118.45929718017578
"2021-03-05",118.77179718017578
"2021-03-08",118.51309967041016
"2021-03-09",118.62909698486328
"2021-03-10",118.83429718017578
"2021-03-11",118.87920379638672
"2021-03-12",118.85140228271484
"2021-03-15",118.98049926757812
"2021-03-16",118.93509674072266
"2021-03-17",119.04759979248047
"2021-03-18",118.86949920654297
"2021-03-19",118.8948974609375
"2021-03-22",118.72859954833984
"2021-03-23",118.63200378417969
"2021-03-24",118.63020324707031
"2021-03-25",118.6613998413086
"2021-03-26",118.80780029296875
"2021-03-29",118.80079650878906
"2021-03-30",118.77010345458984
"2021-03-31",119.0302963256836
"2021-04-01",119.31700134277344
"2021-04-05",119.32469940185547
"2021-04-06",119.27999877929688
"2021-04-07",119.27059936523438
"2021-04-08",119.37030029296875
"2021-04-09",119.37259674072266
"2021-04-12",119.38819885253906
"2021-04-13",119.37190246582031
"2021-04-14",119.37909698486328
"2021-04-15",119.4990005493164
"2021-04-16",119.48539733886719
"2021-04-19",119.4457015991211
"2021-04-20",119.30970001220703
"2021-04-21",119.37799835205078
"2021-04-22",119.34140014648438
"2021-04-23",119.48280334472656
"2021-04-26",119.48989868164062
"2021-04-27",119.44750213623047
"2021-04-28",119.53230285644531
"2021-04-29",119.62899780273438
"2021-04-30",119.5907974243164
"2021-05-03",119.62699890136719
"2021-05-04",119.57340240478516
"2021-05-05",119.5519027709961
"2021-05-06",119.53170013427734
"2021-05-07",119.63249969482422
"2021-05-10",119.4845962524414
"2021-05-11",119.45330047607422
"2021-05-12",119.29789733886719
"2021-05-13",119.46720123291016
"2021-05-14",119.6426010131836
"2021-05-17",119.55899810791016
"2021-05-18",119.45929718017578
"2021-05-19",119.42240142822266
"2021-05-20",119.50460052490234
"2021-05-21",119.49649810791016
"2021-05-24",119.61609649658203
"2021-05-25",119.55590057373047
"2021-05-26",119.59919738769531
"2021-05-27",119.6626968383789
"2021-05-28",119.71829986572266
"2021-06-01",119.79750061035156
"2021-06-02",119.78399658203125
"2021-06-03",119.70050048828125
"2021-06-04",119.79409790039062
"2021-06-07",119.79100036621094
"2021-06-08",119.77890014648438
"2021-06-09",119.8010025024414
"2021-06-10",119.9489974975586
"2021-06-11",120.03849792480469
"2021-06-14",120.01329803466797
"2021-06-15",120.00309753417969
"2021-06-16",119.94450378417969
"2021-06-17",119.88760375976562
"2021-06-18",119.73789978027344
"2021-06-21",119.90480041503906
"2021-06-22",119.97380065917969
"2021-06-23",119.99250030517578
"2021-06-24",120.06680297851562
"2021-06-25",120.15599822998047
"2021-06-28",120.0916976928711
"2021-06-29",120.097900390625
"2021-06-30",120.11399841308594
"2021-07-01",120.14289855957031
"2021-07-02",120.21199798583984
"2021-07-06",120.16339874267578
"2021-07-07",120.1167984008789
"2021-07-08",119.99490356445312
"2021-07-09",120.11849975585938
"2021-07-12",120.14759826660156
"2021-07-13",120.06780242919922
"2021-07-14",120.0833969116211
"2021-07-15",119.98490142822266
"2021-07-16",119.91230010986328
"2021-07-19",119.7072982788086
"2021-07-20",119.85590362548828
"2021-07-21",120.06289672851562
"2021-07-22",120.01190185546875
"2021-07-23",120.06439971923828
"2021-07-26",120.04080200195312
"2021-07-27",119.9386978149414
"2021-07-28",120.00520324707031
"2021-07-29",120.05169677734375
"2021-07-30",119.93489837646484
"2021-08-02",119.91840362548828
"2021-08-03",119.94869995117188
"2021-08-04",119.88980102539062
"2021-08-05",119.96199798583984
"2021-08-06",120.03690338134766
"2021-08-09",120.02760314941406
"2021-08-10",119.91500091552734
"2021-08-11",119.96489715576172
"2021-08-12",120.05049896240234
"2021-08-13",120.11750030517578
"2021-08-16",120.08689880371094
"2021-08-17",119.99150085449219
"2021-08-18",119.94539642333984
"2021-08-19",119.9209976196289
"2021-08-20",120.00969696044922
"2021-08-23",120.13749694824219
"2021-08-24",120.14839935302734
"2021-08-25",120.22570037841797
"2021-08-26",120.15280151367188
"2021-08-27",120.37429809570312
"2021-08-30",120.4259033203125
"2021-08-31",120.4291000366211
"2021-09-01",120.44830322265625
"2021-09-02",120.4198989868164
"2021-09-03",120.3760986328125
"2021-09-07",120.33689880371094
"2021-09-08",120.40170288085938
"2021-09-09",120.37760162353516
"2021-09-10",120.3373031616211
"2021-09-13",120.40910339355469
"2021-09-14",120.39540100097656
"2021-09-15",120.47419738769531
"2021-09-16",120.48190307617188
"2021-09-17",120.41010284423828
"2021-09-20",119.92960357666016
"2021-09-21",120.0281982421875
"2021-09-22",120.20339965820312
"2021-09-23",120.28009796142578
"2021-09-24",120.2760009765625
"2021-09-27",120.30239868164062
"2021-09-28",120.17230224609375
"2021-09-29",120.17030334472656
"2021-09-30",120.05760192871094
"2021-10-01",120.16960144042969
"2021-10-04",120.09230041503906
"2021-10-05",120.05180358886719
"2021-10-06",120.05590057373047
"2021-10-07",120.11000061035156
"2021-10-08",120.03019714355469
"2021-10-12",119.92350006103516
"2021-10-13",120.02559661865234
"2021-10-14",120.23729705810547
"2021-10-15",120.2509994506836
"2021-10-18",120.24590301513672
"2021-10-19",120.31629943847656
"2021-10-20",120.33159637451172
"2021-10-21",120.28130340576172
"2021-10-22",120.2208023071289
"2021-10-25",120.29219818115234
"2021-10-26",120.3407974243164
"2021-10-27",120.2593994140625
"2021-10-28",120.31439971923828
"2021-10-29",120.18679809570312
"2021-11-01",120.16580200195312
"2021-11-02",120.22209930419922
"2021-11-03",120.3478012084961
"2021-11-04",120.41680145263672
"2021-11-05",120.52359771728516
"2021-11-08",120.53119659423828
"2021-11-09",120.45230102539062
"2021-11-10",120.32659912109375
"2021-11-12",120.37449645996094
"2021-11-15",120.39600372314453
"2021-11-16",120.4136962890625
"2021-11-17",120.35669708251953
"2021-11-18",120.34960174560547
"2021-11-19",120.28199768066406
"2021-11-22",120.18910217285156
"2021-11-23",120.14820098876953
"2021-11-24",120.13400268554688
"2021-11-26",119.72319793701172
"2021-11-30",119.77780151367188
"2021-12-01",119.68689727783203
"2021-12-02",119.80960083007812
"2021-12-03",119.69429779052734
"2021-12-06",119.95770263671875
"2021-12-07",120.19339752197266
"2021-12-08",120.1072998046875
"2021-12-09",120.04640197753906
"2021-12-10",120.19450378417969
"2021-12-13",120.19309997558594
"2021-12-14",120.13729858398438
"2021-12-15",120.33540344238281
"2021-12-16",120.3102035522461
"2021-12-17",120.28839874267578
"2021-12-20",120.23639678955078
"2021-12-21",120.40190124511719
"2021-12-22",120.51270294189453
"2021-12-23",120.60870361328125
"2021-12-27",120.72949981689453
"2021-12-28",120.66790008544922
"2021-12-29",120.66449737548828
"2021-12-30",120.63300323486328
"2021-12-31",120.69560241699219
"2022-01-03",120.68299865722656
"2022-01-04",120.67070007324219
"2022-01-05",120.44860076904297
"2022-01-06",120.44439697265625
"2022-01-07",120.35189819335938
"2022-01-10",120.36949920654297
"2022-01-11",120.4760971069336
"2022-01-12",120.51170349121094
"2022-01-13",120.32119750976562
"2022-01-14",120.28009796142578
"2022-01-18",120.09259796142578
"2022-01-19",120.03240203857422
"2022-01-20",119.88069915771484
"2022-01-21",119.77300262451172
"2022-01-24",119.87809753417969
"2022-01-25",119.78450012207031
"2022-01-26",119.63569641113281
"2022-01-27",119.45269775390625
"2022-01-28",119.5988998413086
"2022-01-31",119.70800018310547
"2022-02-01",119.84100341796875
"2022-02-02",119.71240234375
"2022-02-03",119.4542007446289
"2022-02-04",119.36180114746094
"2022-02-07",119.34190368652344
"2022-02-08",119.44249725341797
"2022-02-09",119.56929779052734
"2022-02-10",119.15540313720703
"2022-02-11",118.95240020751953
"2022-02-14",119.00980377197266
"2022-02-15",119.18810272216797
"2022-02-16",119.21099853515625
"2022-02-17",118.96549987792969
"2022-02-18",118.87590026855469
"2022-02-22",118.89540100097656
"2022-02-23",118.75070190429688
"2022-02-24",118.96540069580078
"2022-02-25",119.17980194091797
"2022-02-28",119.09629821777344
"2022-03-01",118.76470184326172
"2022-03-02",119.02030181884766
"2022-03-03",118.8895034790039
"2022-03-04",118.68879699707031
"2022-03-07",118.50540161132812
"2022-03-08",118.65339660644531
"2022-03-09",118.93080139160156
"2022-03-10",118.82340240478516
"2022-03-11",118.63580322265625
"2022-03-14",118.59700012207031
"2022-03-15",118.82939910888672
"2022-03-16",119.27690124511719
"2022-03-17",119.48770141601562
"2022-03-18",119.57330322265625
"2022-03-21",119.08100128173828
"2022-03-22",119.21649932861328
"2022-03-23",119.02780151367188
"2022-03-24",119.18579864501953
"2022-03-25",119.05809783935547
"2022-03-28",119.23699951171875
"2022-03-29",119.60769653320312
"2022-03-30",119.54789733886719
"2022-03-31",119.45330047607422
"2022-04-01",119.51219940185547
"2022-04-04",119.76850128173828
"2022-04-05",119.52580261230469
"2022-04-06",119.42369842529297
"2022-04-07",119.37229919433594
"2022-04-08",119.15399932861328
"2022-04-11",118.98059844970703
"2022-04-12",118.9636001586914
"2022-04-13",119.07980346679688
"2022-04-14",118.97959899902344
"2022-04-18",118.90760040283203
"2022-04-19",118.85240173339844
"2022-04-20",118.98269653320312
"2022-04-21",118.69159698486328
"2022-04-22",118.36710357666016
"2022-04-25",118.64029693603516
"2022-04-26",118.1895980834961
"2022-04-27",118.17759704589844
"2022-04-28",118.3594970703125
"2022-04-29",118.12889862060547
"2022-05-02",118.21309661865234
"2022-05-03",118.37169647216797
"2022-05-04",118.56529998779297
"2022-05-05",118.143798828125
"2022-05-06",117.89800262451172
"2022-05-09",117.7802963256836
"2022-05-10",117.94090270996094
"2022-05-11",117.87529754638672
"2022-05-12",117.95339965820312
"2022-05-13",118.10389709472656
"2022-05-16",118.07099914550781
"2022-05-17",118.2488021850586
"2022-05-18",117.69000244140625
"2022-05-19",117.79239654541016
"2022-05-20",117.72949981689453
"2022-05-23",117.95539855957031
"2022-05-24",118.07830047607422
"2022-05-25",118.3655014038086
"2022-05-26",118.48300170898438
"2022-05-27",118.69560241699219
"2022-05-31",118.6427001953125
"2022-06-01",118.53189849853516
"2022-06-02",118.65360260009766
"2022-06-03",118.47350311279297
"2022-06-06",118.466796875
"2022-06-07",118.53720092773438
"2022-06-08",118.32019805908203
"2022-06-09",117.98470306396484
"2022-06-10",117.63159942626953
"2022-06-13",117.09329986572266
"2022-06-14",117.13710021972656
"2022-06-15",117.50250244140625
"2022-06-16",116.88990020751953
"2022-06-17",117.127197265625
"2022-06-21",117.3114013671875
"2022-06-22",117.18450164794922
"2022-06-23",117.256103515625
"2022-06-24",117.68409729003906
"2022-06-27",117.61139678955078
"2022-06-28",117.30130004882812
"2022-06-29",117.26190185546875
"2022-06-30",117.24849700927734
"2022-07-01",117.27739715576172
"2022-07-05",117.49579620361328
"2022-07-06",117.55269622802734
"2022-07-07",117.92109680175781
"2022-07-08",118.18109893798828
"2022-07-11",118.07330322265625
"2022-07-12",118.0531005859375
"2022-07-13",117.93569946289062
"2022-07-14",117.90019989013672
"2022-07-15",118.2699966430664
"2022-07-18",118.20269775390625
"2022-07-19",118.63390350341797
"2022-07-20",118.70189666748047
"2022-07-21",118.75569915771484
"2022-07-22",118.5188980102539
"2022-07-25",118.58760070800781
"2022-07-26",118.45760345458984
"2022-07-27",118.78589630126953
"2022-07-28",118.99590301513672
"2022-07-29",119.04720306396484
"2022-08-01",118.90249633789062
"2022-08-02",118.70059967041016
"2022-08-03",119.0114974975586
"2022-08-04",119.08429718017578
"2022-08-05",119.1001968383789
"2022-08-08",119.09290313720703
"2022-08-09",118.90570068359375
"2022-08-10",119.49099731445312
"2022-08-11",119.34639739990234
"2022-08-12",119.7061996459961
"2022-08-15",119.66220092773438
"2022-08-16",119.52110290527344
"2022-08-17",119.3458023071289
"2022-08-18",119.45320129394531
"2022-08-19",119.13860321044922
"2022-08-22",118.89559936523438
"2022-08-23",118.88780212402344
"2022-08-24",119.07420349121094
"2022-08-25",119.26110076904297
"2022-08-26",118.82050323486328
"2022-08-29",118.68379974365234
"2022-08-30",118.4646987915039
"2022-08-31",118.37030029296875
"2022-09-01",118.56069946289062
"2022-09-02",118.43800354003906
"2022-09-06",118.55079650878906
"2022-09-07",119.03399658203125
"2022-09-08",119.20069885253906
"2022-09-09",119.44989776611328
"2022-09-12",119.64559936523438
"2022-09-13",119.07990264892578
"2022-09-14",119.19039916992188
"2022-09-15",118.89240264892578
"2022-09-16",118.931396484375
"2022-09-19",119.14550018310547
"2022-09-20",118.6052017211914
"2022-09-21",118.52490234375
"2022-09-22",118.39189910888672
"2022-09-23",118.16680145263672
"2022-09-26",117.93299865722656
"2022-09-27",117.87640380859375
"2022-09-28",118.27980041503906
"2022-09-29",118.17639923095703
"2022-09-30",118.17230224609375
"2022-10-03",118.50599670410156
"2022-10-04",118.9574966430664
"2022-10-05",119.0197982788086
"2022-10-06",118.89530181884766
"2022-10-07",118.66310119628906
"2022-10-11",118.58399963378906
"2022-10-12",118.6688003540039
"2022-10-13",118.82740020751953
"2022-10-14",118.60160064697266
"2022-10-17",119.10679626464844
"2022-10-18",119.45130157470703
"2022-10-19",119.31050109863281
"2022-10-20",119.1488037109375
"2022-10-21",119.56089782714844
"2022-10-24",119.66909790039062
"2022-10-25",119.73380279541016
"2022-10-26",119.71530151367188
"2022-10-27",119.55909729003906
"2022-10-28",120.0344009399414
"2022-10-31",119.85710144042969
"2022-11-01",120.0062026977539
"2022-11-02",119.79540252685547
"2022-11-03",119.58100128173828
"2022-11-04",119.9469985961914
"2022-11-07",120.11830139160156
"2022-11-08",120.10679626464844
"2022-11-09",119.8187026977539
"2022-11-10",120.55899810791016
"2022-11-14",120.54879760742188
"2022-11-15",120.62419891357422
"2022-11-16",120.62409973144531
"2022-11-17",120.65399932861328
"2022-11-18",120.79329681396484
"2022-11-21",120.84539794921875
"2022-11-22",120.97820281982422
"2022-11-23",121.1852035522461
"2022-11-25",121.15730285644531
"2022-11-28",120.85449981689453
"2022-11-29",120.93299865722656
"2022-11-30",121.40450286865234
"2022-12-01",121.28179931640625
"2022-12-02",121.22270202636719
"2022-12-05",121.08080291748047
"2022-12-06",120.89140319824219
"2022-12-07",120.96659851074219
"2022-12-08",121.00650024414062
"2022-12-09",121.12149810791016
"2022-12-12",121.38179779052734
"2022-12-13",121.55889892578125
"2022-12-14",121.5604019165039
"2022-12-15",121.18789672851562
"2022-12-16",121.00250244140625
"2022-12-19",120.9041976928711
"2022-12-20",120.82119750976562
"2022-12-21",121.3021011352539
"2022-12-22",121.20439910888672
"2022-12-23",121.38040161132812
"2022-12-27",121.46880340576172
"2022-12-28",121.17620086669922
"2022-12-29",121.4188003540039
"2022-12-30",121.41439819335938
"2023-01-03",121.6270980834961
"2023-01-04",121.77989959716797
"2023-01-05",121.77230072021484
"2023-01-06",122.131103515625
"2023-01-09",122.14900207519531
"2023-01-10",122.15249633789062
"2023-01-11",122.39669799804688
"2023-01-12",122.49610137939453
"2023-01-13",122.52120208740234
"2023-01-17",122.4646987915039
"2023-01-18",122.30470275878906
"2023-01-19",122.08609771728516
"2023-01-20",122.2770004272461
"2023-01-23",122.5
"2023-01-24",122.53389739990234
"2023-01-25",122.53009796142578
"2023-01-26",122.50430297851562
"2023-01-27",122.502197265625
"2023-01-30",122.3687973022461
"2023-01-31",122.57730102539062
"2023-02-01",122.82129669189453
"2023-02-02",122.98210144042969
"2023-02-03",122.84249877929688
"2023-02-06",122.82530212402344
"2023-02-07",122.97879791259766
"2023-02-08",122.8936996459961
"2023-02-09",122.82649993896484
"2023-02-10",122.6897964477539
"2023-02-13",122.877197265625
"2023-02-14",122.91089630126953
"2023-02-15",122.93560028076172
"2023-02-16",122.75900268554688
"2023-02-17",122.81649780273438
"2023-02-21",122.53379821777344
"2023-02-22",122.62429809570312
"2023-02-23",122.79920196533203
"2023-02-24",122.59500122070312
"2023-02-27",122.77490234375
"2023-02-28",122.71430206298828
"2023-03-01",122.80729675292969
"2023-03-02",122.89990234375
"2023-03-03",123.26000213623047
"2023-03-06",123.32769775390625
"2023-03-07",123.11289978027344
"2023-03-08",123.04309844970703
"2023-03-09",122.6948013305664
"2023-03-10",122.45279693603516
"2023-03-13",121.96109771728516
"2023-03-14",122.39659881591797
"2023-03-15",122.2405014038086
"2023-03-16",122.63680267333984
"2023-03-17",122.30229949951172
"2023-03-20",122.2135009765625
"2023-03-21",122.97699737548828
"2023-03-22",122.68599700927734
"2023-03-23",122.43180084228516
"2023-03-24",122.67009735107422
"2023-03-27",122.93070220947266
"2023-03-28",122.9115982055664
"2023-03-29",123.30339813232422
"2023-03-30",123.46800231933594
"2023-03-31",123.6083984375
"2023-04-03",123.60389709472656
"2023-04-04",123.42350006103516
"2023-04-05",123.25070190429688
"2023-04-06",123.37049865722656
"2023-04-10",123.54070281982422
"2023-04-11",123.69519805908203
"2023-04-12",123.63639831542969
"2023-04-13",123.87259674072266
"2023-04-14",123.9761962890625
"2023-04-17",124.06729888916016
"2023-04-18",124.07039642333984
"2023-04-19",123.95719909667969
"2023-04-20",123.80840301513672
"2023-04-21",123.90350341796875
"2023-04-24",124.00959777832031
"2023-04-25",123.7969970703125
"2023-04-26",123.72530364990234
"2023-04-27",124.04299926757812
"2023-04-28",124.10340118408203
"2023-05-01",124.00270080566406
"2023-05-02",123.82830047607422
"2023-05-03",123.6875991821289
"2023-05-04",123.59510040283203
"2023-05-05",123.86139678955078
"2023-05-08",123.856201171875
"2023-05-09",123.77960205078125
"2023-05-10",123.98539733886719
"2023-05-11",123.94429779052734
"2023-05-12",123.95159912109375
"2023-05-15",124.00910186767578
"2023-05-16",123.80509948730469
"2023-05-17",124.09459686279297
"2023-05-18",124.17400360107422
"2023-05-19",124.21499633789062
"2023-05-22",124.50250244140625
"2023-05-23",124.38289642333984
"2023-05-24",124.30760192871094
"2023-05-25",124.50189971923828
"2023-05-26",124.69869995117188
"2023-05-30",124.87560272216797
"2023-05-31",124.74600219726562
"2023-06-01",124.91739654541016
"2023-06-02",125.11280059814453
"2023-06-05",125.1051025390625
"2023-06-06",125.18350219726562
"2023-06-07",125.13069915771484
"2023-06-08",125.25160217285156
"2023-06-09",125.28130340576172
"2023-06-12",125.32039642333984
"2023-06-13",125.39859771728516
"2023-06-14",125.3313980102539
"2023-06-15",125.40989685058594
"2023-06-16",125.52259826660156
"2023-06-20",125.5552978515625
"2023-06-21",125.48370361328125
"2023-06-22",125.49469757080078
"2023-06-23",125.40010070800781
"2023-06-26",125.35540008544922
"2023-06-27",125.60310363769531
"2023-06-28",125.75810241699219
"2023-06-30",126.09130096435547
"2023-06-29",125.81919860839844
"2023-07-03",126.11949920654297
"2023-07-05",125.96299743652344
"2023-07-06",125.74749755859375
"2023-07-11",126.37429809570312
"2023-07-13",126.47750091552734
"2023-07-07",125.91919708251953
"2023-07-10",126.15650177001953
"2023-07-14",126.29550170898438
"2023-07-12",126.61299896240234
"2023-07-17",126.45480346679688
"2023-07-18",126.55359649658203
"2023-07-19",126.5166015625
"2023-07-20",126.53829956054688
"2023-07-21",126.60070037841797
"2023-07-24",126.67720031738281
"2023-07-25",126.706298828125
"2023-07-26",126.839599609375
"2023-07-27",126.7177963256836
"2023-07-28",126.96260070800781
"2023-07-31",126.99859619140625
"2023-08-01",126.88639831542969
"2023-08-02",126.72850036621094
"2023-08-03",126.69979858398438
"2023-08-04",126.64070129394531
"2023-08-07",126.83090209960938
"2023-08-08",126.76499938964844
"2023-08-09",126.8230972290039
"2023-08-10",126.88690185546875
"2023-08-11",126.97979736328125
"2023-08-14",127.07980346679688
"2023-08-15",126.94049835205078
"2023-08-17",126.72579956054688
"2023-08-16",126.82759857177734
"2023-08-18",126.72899627685547
"2023-08-23",127.28389739990234
"2023-08-21",126.8926010131836
"2023-08-22",126.95269775390625
"2023-08-24",127.10649871826172
"2023-08-25",127.35780334472656
"2023-08-28",127.52459716796875
"2023-08-29",127.64510345458984
"2023-08-30",127.65390014648438
"2023-08-31",127.58409881591797
"2023-09-01",127.61399841308594
"2023-09-05",127.61309814453125
"2023-09-06",127.59929656982422
"2023-09-07",127.66940307617188
"2023-09-08",127.67720031738281
"2023-09-12",127.75330352783203
"2023-09-11",127.8292007446289
"2023-09-14",127.93550109863281
"2023-09-13",127.85880279541016
"2023-09-15",127.89019775390625
"2023-09-18",127.9490966796875
"2023-09-19",127.95580291748047
"2023-09-20",127.56430053710938
"2023-09-21",127.3772964477539
"2023-09-22",127.4113998413086
"2023-09-26",127.364501953125
"2023-09-25",127.43949890136719
"2023-09-28",127.55039978027344
"2023-09-27",127.4447021484375
"2023-09-29",127.49009704589844
"2023-10-03",127.24960327148438
"2023-10-02",127.50080108642578
"2023-10-04",127.37940216064453
"2023-10-05",127.27960205078125
"2023-10-06",127.5740966796875
"2023-10-10",127.73680114746094
"2023-10-11",127.82270050048828
"2023-10-12",127.73590087890625
"2023-10-13",127.58619689941406
"2023-10-17",127.81649780273438
"2023-10-16",127.84609985351562
"2023-10-19",127.3667984008789
"2023-10-18",127.62169647216797
"2023-10-20",127.40290069580078
"2023-10-23",127.65180206298828
"2023-10-25",127.5885009765625
"2023-10-24",127.85140228271484
"2023-10-26",127.5999984741211
"2023-10-27",127.5416030883789
"2023-10-30",127.67050170898438
"2023-11-02",128.4803924560547
"2023-11-01",128.1392059326172
"2023-10-31",127.82389831542969
"2023-11-03",128.64559936523438
"2023-11-07",128.74729919433594
"2023-11-06",128.58030700683594
"2023-11-08",128.78599548339844
"2023-11-09",128.7191925048828
"2023-11-10",128.97439575195312
"2023-11-13",129.09640502929688
"2023-11-14",129.33670043945312
"2023-11-15",129.2913055419922
"2023-11-16",129.31300354003906
"2023-11-17",129.4123992919922
"2023-11-20",129.5321044921875
"2023-11-22",129.6656036376953
"2023-11-21",129.52859497070312
"2023-11-27",129.66929626464844
"2023-11-28",129.75030517578125
"2023-11-29",129.77239990234375
"2023-11-30",129.85189819335938
"2023-12-01",129.98500061035156
"2023-12-05",129.94569396972656
"2023-12-06",129.93150329589844
"2023-12-04",129.9683074951172
"2023-12-07",130.0196990966797
"2023-12-08",130.12429809570312
"2023-12-11",130.21710205078125
"2023-12-12",130.38980102539062
"2023-12-13",130.81820678710938
"2023-12-14",130.7303924560547
"2023-12-15",130.65640258789062
"2023-12-18",130.6916046142578
"2023-12-19",130.81350708007812
"2023-12-21",131.02029418945312
"2023-12-20",130.6510009765625
"2023-12-27",131.14529418945312
"2023-12-26",131.07080078125
"2023-12-28",131.0998992919922
"2023-12-22",130.9416961669922
"2023-12-29",131.04400634765625
"2024-01-03",130.8240966796875
"2024-01-02",130.97959899902344
"2024-01-04",130.88909912109375
"2024-01-08",131.27330017089844
"2024-01-05",130.96629333496094
"2024-01-09",131.3415985107422
"2024-01-10",131.48399353027344
"2024-01-11",131.59280395507812
"2024-01-12",131.58590698242188
"2024-01-16",131.5583953857422
"2024-01-17",131.5218963623047
"2024-01-18",131.6531982421875
"2024-01-23",131.72869873046875
"2024-01-25",131.88609313964844
"2024-01-19",131.74440002441406
"2024-01-22",131.7628936767578
"2024-01-24",131.73330688476562
"2024-01-26",131.95680236816406
"2024-01-29",132.0637969970703
"2024-02-01",132.0352020263672
"2024-01-31",131.87570190429688
"2024-01-30",132.06640625
"2024-02-02",132.10989379882812
"2024-02-07",132.12249755859375
"2024-02-06",132.0771026611328
"2024-02-08",132.15989685058594
"2024-02-05",132.1074981689453
"2024-02-13",132.30189514160156
"2024-02-09",132.3000946044922
"2024-02-12",132.43020629882812
"2024-02-14",132.431396484375
"2024-02-15",132.6074981689453
"2024-02-16",132.56500244140625
"2024-02-20",132.66000366210938
"2024-02-22",132.9001007080078
"2024-02-21",132.6761016845703
"2024-02-23",132.8551025390625
"2024-02-26",132.82510375976562
"2024-02-28",132.80679321289062
"2024-02-27",132.9010009765625
"2024-02-29",132.90220642089844
"2024-03-05",133.0325927734375
"2024-03-01",132.9674072265625
"2024-03-04",133.07479858398438
"2024-03-06",133.14120483398438
"2024-03-07",133.22689819335938
"2024-03-08",133.2884979248047
"2024-03-11",133.3686065673828
"2024-03-14",133.47320556640625
"2024-03-12",133.50210571289062
"2024-03-13",133.5594940185547
"2024-03-15",133.43179321289062
"2024-03-18",133.58639526367188
"2024-03-19",133.69869995117188
"2024-03-20",133.57460021972656
"2024-03-21",133.658203125
"2024-03-22",133.5334014892578
"2024-03-25",133.58099365234375
"2024-03-26",133.5550994873047
"2024-03-27",133.75320434570312
"2024-03-28",133.77239990234375
"2024-04-01",133.79200744628906
"2024-04-03",133.8206024169922
"2024-04-02",133.7436981201172
"2024-04-04",133.68679809570312
"2024-04-09",134.0883026123047
"2024-04-05",133.81199645996094
"2024-04-08",134.03329467773438
"2024-04-10",133.90269470214844
"2024-04-11",133.94760131835938
"2024-04-15",133.6024932861328
"2024-04-12",133.80599975585938
"2024-04-17",133.58740234375
"2024-04-16",133.58140563964844
"2024-04-18",133.6649932861328
"2024-04-19",133.7498016357422
"2024-04-22",134.08819580078125
"2024-04-25",134.2205047607422
"2024-04-23",134.27560424804688
"2024-04-24",134.21270751953125
"2024-04-26",134.3903045654297
"2024-05-01",134.4001007080078
"2024-04-30",134.2982940673828
"2024-05-02",134.55650329589844
"2024-04-29",134.47979736328125
"2024-05-07",134.78900146484375
"2024-05-03",134.69119262695312
"2024-05-09",134.83929443359375
"2024-05-06",134.79769897460938
"2024-05-08",134.7989959716797
"2024-05-10",134.8242950439453
"2024-05-15",135.10830688476562
"2024-05-13",134.8386993408203
"2024-05-14",134.92669677734375
"2024-05-16",135.07330322265625
"2024-05-17",135.1425018310547
"2024-05-20",135.2519989013672
"2024-05-21",135.2288055419922
"2024-05-22",135.17689514160156
"2024-05-23",135.1168975830078
"2024-05-24",135.268798828125
"2024-05-28",135.28819274902344
"2024-05-30",135.2436065673828
"2024-05-29",135.21339416503906
"2024-05-31",135.35519409179688
"2024-06-03",135.46189880371094
"2024-06-04",135.36570739746094
"2024-06-06",135.4604034423828
"2024-06-05",135.48289489746094
"2024-06-07",135.51629638671875
"2024-06-10",135.58290100097656
"2024-06-11",135.5552978515625
"2024-06-12",135.7071075439453
"2024-06-13",135.56790161132812
"2024-06-14",135.33160400390625
"2024-06-18",135.5717010498047
"2024-06-17",135.4696044921875
"2024-06-21",135.54449462890625
"2024-06-20",135.52369689941406
"2024-06-25",135.57339477539062
"2024-06-24",135.62109375
"2024-06-26",135.5865020751953
"2024-06-27",135.6811981201172
"2024-06-28",135.67990112304688
"2024-07-01",135.87069702148438
"2024-07-02",136.06069946289062
"2024-07-03",136.15660095214844
"2024-07-09",136.33929443359375
"2024-07-05",136.21910095214844
"2024-07-10",136.42050170898438
"2024-07-08",136.3621063232422
"2024-07-11",136.45559692382812
"2024-07-12",136.52110290527344
"2024-07-16",136.6136016845703
"2024-07-15",136.5428009033203
"2024-07-17",136.5211944580078
"2024-07-18",136.40570068359375
"2024-07-19",136.3997039794922
"2024-07-22",136.62989807128906
"2024-07-23",136.6107940673828
"2024-07-24",136.4293975830078
"2024-07-25",136.38059997558594
"2024-07-26",136.52420043945312
"2024-07-30",136.45269775390625
"2024-07-31",136.5821075439453
"2024-07-29",136.52769470214844
"2024-08-01",136.2982940673828
"2024-08-02",135.9774932861328
"2024-08-05",135.77059936523438
"2024-08-06",135.90879821777344
"2024-08-07",135.82110595703125
"2024-08-08",136.17739868164062
"2024-08-12",136.10279846191406
"2024-08-09",136.2071990966797
"2024-08-15",136.90280151367188
"2024-08-13",136.3231964111328
"2024-08-14",136.5583038330078
"2024-08-16",137.05540466308594
"2024-08-19",137.14739990234375
"2024-08-21",137.20419311523438
"2024-08-20",137.1217041015625
"2024-08-22",137.1374969482422
"2024-08-23",137.35360717773438
"2024-08-26",137.39190673828125
"2024-08-28",137.37469482421875
"2024-08-29",137.4123992919922
"2024-08-27",137.43170166015625
"2024-08-30",137.470703125
"2024-09-03",137.26339721679688
"2024-09-04",137.30490112304688
"2024-09-05",137.3842010498047
"2024-09-06",137.15980529785156
"2024-09-09",137.4886932373047
"2024-09-11",137.5189971923828
"2024-09-12",137.65859985351562
"2024-09-10",137.37510681152344
"2024-09-13",137.77259826660156
"2024-09-16",137.88999938964844
"2024-09-17",137.90370178222656
"2024-09-18",137.9687957763672
"2024-09-19",138.1334991455078
"2024-09-20",137.82809448242188
"2024-09-26",137.8970947265625
"2024-09-27",137.8916015625
"2024-09-25",137.8134002685547
"2024-09-23",137.82249450683594
"2024-09-24",137.85519409179688
"2024-10-02",137.94850158691406
"2024-09-30",137.94320678710938
"2024-10-01",137.82249450683594
"2024-10-03",137.9091033935547
"2024-10-04",138.07650756835938
"2024-10-09",138.22509765625
"2024-10-07",138.03570556640625
"2024-10-08",138.14129638671875
"2024-10-10",138.2469024658203
"2024-10-11",138.3343048095703
"2024-10-15",138.43580627441406
"2024-10-16",138.49659729003906
"2024-10-17",138.49899291992188
"2024-10-21",138.5225067138672
"2024-10-18",138.54100036621094
"2024-10-22",138.50210571289062
"2024-10-24",138.52499389648438
"2024-10-23",138.4188995361328
"2024-10-25",138.50079345703125
"2024-10-28",138.66720581054688
"2024-10-29",138.6746063232422
"2024-11-01",138.6466064453125
"2024-10-31",138.54209899902344
"2024-10-30",138.63819885253906
"2024-11-07",139.2996063232422
"2024-11-04",138.6230010986328
"2024-11-05",138.893798828125
"2024-11-06",139.19119262695312
"2024-11-08",139.40719604492188
"2024-11-13",139.37469482421875
"2024-11-12",139.39849853515625
"2024-11-14",139.31509399414062
"2024-11-15",139.29640197753906
"2024-11-20",139.4539031982422
"2024-11-18",139.4019012451172
"2024-11-21",139.49330139160156
"2024-11-19",139.43479919433594
"2024-11-22",139.53900146484375
"2024-11-25",139.6634063720703
"2024-11-26",139.6721954345703
"2024-11-27",139.69329833984375
"2024-11-29",139.7982940673828
"2024-12-02",139.8881072998047
"2024-12-03",139.87899780273438
"2024-12-04",139.8972930908203
"2024-12-05",139.94659423828125
"2024-12-06",139.98460388183594
"2024-12-10",140.02870178222656
"2024-12-12",140.03720092773438
"2024-12-09",139.99209594726562
"2024-12-11",140.09629821777344
"2024-12-13",140.01609802246094
"2024-12-16",140.1143
"2024-12-17",140.117
"2024-12-18",139.8569
"2024-12-19",139.7636
"2024-12-20",140.0223
"2024-12-23",140.0483
"2024-12-24",140.1683
"2024-12-26",140.2565
"2024-12-27",140.1714
"2024-12-30",140.1214
"2024-12-31",140.1888
"2025-01-02",140.2789
"2025-01-03",140.365
"2025-01-08",140.3332
"2025-01-09",140.3025
"2025-01-10",140.2003
"2025-01-13",140.2344
"2025-01-14",140.3463
"2025-01-15",140.5779
"2025-01-16",140.5407
"2025-01-17",140.6034
"2025-01-21",140.8307
"2025-01-22",140.7775
"2025-01-23",140.8435
"2025-01-24",140.8275
"2025-01-27",140.8153
"2025-01-28",140.881
"2025-01-29",140.8694
"2025-01-30",140.9324
"2025-01-31",140.91
"2025-02-03",140.9154
"2025-02-04",141.0285
"2025-02-05",141.0664
"2025-02-06",141.0635
"2025-02-07",141.0234
"2025-02-10",141.1416
"2025-02-11",141.1653
"2025-02-12",141.2248
"2025-02-13",141.2961
"2025-02-14",141.3445
"2025-02-18",141.4512
"2025-02-19",141.4639
"2025-02-20",141.4642
"2025-02-21",141.3035
"2025-02-24",141.3418
"2025-02-25",141.3764
"2025-02-26",141.3966
"2025-02-27",141.2565
"2025-02-28",141.3611
"2025-03-03",141.3309
"2025-03-04",141.4043
"2025-03-05",141.4337
"2025-03-06",141.2057
"2025-03-07",141.2901
"2025-03-10",141.0284
"2025-03-11",140.971
"2025-03-12",140.9869
"2025-03-13",140.8263
"2025-03-14",141.0704
"2025-03-17",141.2439
"2025-03-18",141.2425
"2025-03-19",141.4537
"2025-03-20",141.0774
"2025-03-21",140.9406
"2025-03-24",141.3121
"2025-03-25",141.3574
"2025-03-26",141.2683
"2025-03-27",141.1485
"2025-03-28",140.967
"2025-03-31",141.0224
"2025-04-01",141.0987
"2025-04-02",141.2067
"2025-04-03",140.6329
"2025-04-04",140.0652
"2025-04-07",139.8844
"2025-04-08",139.4072
"2025-04-09",140.6407
"2025-04-10",140.1658
"2025-04-11",140.3136
"2025-04-14",140.5695
"2025-04-15",140.6646
"2025-04-16",140.4562
"2025-04-17",140.6315
"2025-04-21",140.3704
"2025-04-22",140.558
"2025-04-23",140.8797
"2025-04-24",141.1403
"2025-04-25",141.1694
"2025-04-28",141.1459
"2025-04-29",141.193
"2025-04-30",141.1661
"2025-05-01",141.1521
"2025-05-02",141.4949
"2025-05-05",141.6634
"2025-05-06",141.5902
"2025-05-07",141.6944
"2025-05-08",141.9024
"2025-05-09",141.8918
"2025-05-12",142.5372
"2025-05-13",142.6878
"2025-05-14",142.5329
"2025-05-15",142.6263
"2025-05-16",142.6935
"2025-05-19",142.7136
"2025-05-20",142.7389
"2025-05-21",142.4134
"2025-05-22",142.5076
"2025-05-23",142.3846
"2025-05-27",142.8421
"2025-05-28",142.8125
"2025-05-29",142.8261
"2025-05-30",142.8762
"2025-06-02",143.009
"2025-06-03",143.0615
"2025-06-04",143.0524
"2025-06-05",143.0301
"2025-06-06",143.2041
"2025-06-09",143.2873
"2025-06-10",143.3824
"2025-06-11",143.375
"2025-06-12",143.3492
"2025-06-13",143.1432
"2025-06-16",143.3649
"2025-06-17",143.1556
"2025-06-18",143.232
"2025-06-20",143.2827
"2025-06-23",143.4738
"2025-06-24",143.682
"2025-06-25",143.6449
"2025-06-26",143.7467
"2025-06-27",143.8101
"2025-06-30",143.9867
"2025-07-01",144.032
"2025-07-02",144.0862
"2025-07-03",144.1952
"2025-07-07",144.1317
"2025-07-08",144.0987
"2025-07-09",144.247
"2025-07-10",144.2938
"2025-07-11",144.2357
"2025-07-14",144.2588
"2025-07-15",144.1651
"2025-07-16",144.2033
"2025-07-17",144.3551
"2025-07-18",144.3503
"2025-07-21",144.4121
"2025-07-22",144.4111
"2025-07-23",144.5447
"2025-07-24",144.5603
"2025-07-25",144.5935
"2025-07-28",144.6342
"2025-07-29",144.585
"2025-07-30",144.6239
"2025-07-31",144.5815
"2025-08-01",144.3236
"2025-08-04",144.6144
"2025-08-05",144.5792
"2025-08-06",144.6495
"2025-08-07",144.6679
"2025-08-08",144.7788
"2025-08-11",144.8024
"2025-08-12",144.9627
"2025-08-13",145.0242
"2025-08-14",145.0053
"2025-08-15",145.0208
"2025-08-18",145.0776
"2025-08-19",145.0567
"2025-08-20",145.0432
"2025-08-21",144.9625
"2025-08-22",145.2507
"2025-08-25",145.2628
"2025-08-26",145.2813
"2025-08-27",145.2315
"2025-08-28",145.2856
"2025-08-29",145.2143
"2025-09-02",145.2739
"2025-09-03",145.3206
"2025-09-04",145.496
"2025-09-05",145.4694
"2025-09-08",145.5288
"2025-09-09",145.5819
"2025-09-10",145.6672
"2025-09-11",145.8174
"2025-09-12",145.8263
"2025-09-15",145.9847
"2025-09-16",145.9791
"2025-09-17",145.9418
"2025-09-18",146.0616
"2025-09-19",146.0501
"2025-09-22",145.7465
"2025-09-23",145.7232
"2025-09-24",145.6898
"2025-09-25",145.6017
"2025-09-26",145.6857
"2025-09-29",145.8318
"2025-09-30",145.8591
"2025-10-01",145.8749
"2025-10-02",145.9604
"2025-10-03",145.984
"2025-10-06",146.1043
"2025-10-07",146.0733
"2025-10-08",146.0371
"2025-10-09",146.0055
"2025-10-10",145.7112
"2025-10-14",146.0316
"2025-10-15",146.1006
"2025-10-16",145.8956
"2025-10-17",146.0206
"2025-10-20",146.2668
"2025-10-21",146.2285
"2025-10-22",146.2133
"2025-10-23",146.3331
